,race,age,gender,height
0,white,minor,male,5.445536387662503
1,white,minor,male,6.174308066353492
2,white,minor,male,5.8466470259584336
3,white,minor,male,4.199653829045987
4,white,minor,male,7.0185118788747625
5,white,minor,male,6.489823705535016
6,white,minor,male,5.777680897136328
7,white,minor,male,5.051410645704926
8,white,minor,male,6.461966243523971
9,white,minor,male,4.6724213607936775
10,white,minor,male,6.034657065334038
11,white,minor,male,6.728386188788861
12,white,minor,male,6.019592333422819
13,white,minor,male,5.436645180976146
14,white,minor,male,5.465206642661041
15,white,minor,male,5.545565547096166
16,white,minor,male,6.948025131672427
17,white,minor,male,7.393505533070051
18,white,minor,male,5.903032304911052
19,white,minor,male,5.692426087246758
20,white,minor,male,5.196306950233681
21,white,minor,male,4.6402286068507035
22,white,minor,male,5.232653128019224
23,white,minor,male,3.4308520713362753
24,white,minor,male,4.789868763955792
25,white,minor,male,6.121550297901098
26,white,minor,male,6.72148625848438
27,white,minor,male,3.7835467592693384
28,white,minor,male,5.104149521515229
29,white,minor,male,6.773775774404107
30,white,minor,male,5.490331877395254
31,white,minor,male,5.36195887229657
32,white,minor,male,5.9441642252501765
33,white,minor,male,3.4529325606621746
34,white,minor,male,5.273937355983752
35,white,minor,male,7.127953558059943
36,white,minor,male,4.706921963131875
37,white,minor,male,7.25902821212546
38,white,minor,male,5.560475689469003
39,white,minor,male,5.857610656140727
40,white,minor,male,5.566567327614452
41,white,minor,male,5.86252740877137
42,white,minor,male,5.198887817117647
43,white,minor,male,3.4472173092330998
44,white,minor,male,7.177810821626591
45,white,minor,male,5.085536588736883
46,white,minor,male,6.460494181726631
47,white,minor,male,5.842947792277082
48,white,minor,male,6.7571115591140405
49,white,minor,male,4.419398057341823
50,white,minor,male,4.1504761856031305
51,white,minor,male,5.128074903858893
52,white,minor,male,5.602063171741275
53,white,minor,male,5.01819066398681
54,white,minor,male,3.7620474657779375
55,white,minor,male,7.09394694856373
56,white,minor,male,5.198717618105477
57,white,minor,male,7.446440187517938
58,white,minor,male,5.420807084894288
59,white,minor,male,7.012901779837197
60,white,minor,male,4.665707753570095
61,white,minor,male,5.094069813045545
62,white,minor,male,5.925544497174512
63,white,minor,male,5.440962931674793
64,white,minor,male,4.867092920731582
65,white,minor,male,6.567452416968886
66,white,minor,male,5.288660558874727
67,white,minor,male,5.202305271925108
68,white,minor,male,4.440065581655517
69,white,minor,male,6.068910021215388
70,white,minor,male,5.630055435715864
71,white,minor,male,4.466256711734905
72,white,minor,male,4.5540715199773905
73,white,minor,male,4.047163311899156
74,white,minor,male,6.4349368556947635
75,white,minor,male,7.644235204056743
76,white,minor,male,3.760818614920512
77,white,minor,male,4.365854537232707
78,white,minor,male,7.7283036691310745
79,white,minor,male,4.618324896458573
80,white,minor,male,6.316677759423573
81,white,minor,male,4.489909819046045
82,white,minor,male,4.729241397470881
83,white,minor,male,6.359669794053118
84,white,minor,male,6.080477724799085
85,white,minor,male,6.4554656945329745
86,white,minor,male,5.979900868034379
87,white,minor,male,6.428963576593824
88,white,minor,male,5.392055580706504
89,white,minor,male,4.206852261138928
90,white,minor,male,7.5058216600241
91,white,minor,male,5.581857921564862
92,white,minor,male,4.676455063594097
93,white,minor,male,5.533564647554731
94,white,minor,male,5.061342342436207
95,white,minor,male,5.468606471527277
96,white,minor,male,5.0657788031771185
97,white,minor,male,5.899739574459088
98,white,minor,male,6.631880056708194
99,white,minor,male,3.613997285644891
100,white,minor,female,6.15214120038979
101,white,minor,female,6.398585619118175
102,white,minor,female,5.010760438719462
103,white,minor,female,7.511154269254305
104,white,minor,female,4.732390426907621
105,white,minor,female,5.977452325317174
106,white,minor,female,4.787330055996961
107,white,minor,female,4.654967496540737
108,white,minor,female,5.466593044315499
109,white,minor,female,5.862224297579924
110,white,minor,female,6.964327247808357
111,white,minor,female,5.511327371209111
112,white,minor,female,6.627620194977098
113,white,minor,female,5.2762333422698875
114,white,minor,female,5.250326825833386
115,white,minor,female,3.9545878771797733
116,white,minor,female,4.533128543399172
117,white,minor,female,5.5995983154900735
118,white,minor,female,7.0980437285938045
119,white,minor,female,4.395673651555499
120,white,minor,female,6.503432202951128
121,white,minor,female,4.37295082907237
122,white,minor,female,6.620709866290124
123,white,minor,female,5.884021104738258
124,white,minor,female,5.202673448509547
125,white,minor,female,7.083491211381279
126,white,minor,female,4.157882633303125
127,white,minor,female,4.4992820082965945
128,white,minor,female,6.690160923723425
129,white,minor,female,5.935772495146889
130,white,minor,female,5.315476015459341
131,white,minor,female,5.679861218378694
132,white,minor,female,6.252218058986131
133,white,minor,female,6.169313886230198
134,white,minor,female,5.43613244805022
135,white,minor,female,4.891844987374122
136,white,minor,female,3.828808922519509
137,white,minor,female,7.015469751778374
138,white,minor,female,6.441611761959396
139,white,minor,female,3.879876881803041
140,white,minor,female,4.03318762957355
141,white,minor,female,3.777167276954909
142,white,minor,female,4.243658097524618
143,white,minor,female,5.081419968816586
144,white,minor,female,4.840545219462434
145,white,minor,female,4.844291142511851
146,white,minor,female,5.705751864270019
147,white,minor,female,3.750320203738293
148,white,minor,female,3.6388881683451597
149,white,minor,female,4.09889507259938
150,white,minor,female,3.8098875116869957
151,white,minor,female,4.504057252387252
152,white,minor,female,6.9254395305811
153,white,minor,female,4.5300937940148165
154,white,minor,female,5.259916217916676
155,white,minor,female,5.766518841047603
156,white,minor,female,5.043655931303835
157,white,minor,female,5.524072703427869
158,white,minor,female,5.185119822307098
159,white,minor,female,4.440887425379652
160,white,minor,female,3.748518725737702
161,white,minor,female,4.389590439045028
162,white,minor,female,4.965391434018973
163,white,minor,female,7.118477191793538
164,white,minor,female,5.892595276802772
165,white,minor,female,6.421661858343257
166,white,minor,female,5.929126855764305
167,white,minor,female,4.828598607885254
168,white,minor,female,4.213159194439092
169,white,minor,female,5.19802508780162
170,white,minor,female,5.2148764015311855
171,white,minor,female,5.899395758251808
172,white,minor,female,5.995250602958685
173,white,minor,female,5.398762482418462
174,white,minor,female,3.007287927537526
175,white,minor,female,5.607073951309935
176,white,minor,female,4.145013022106205
177,white,minor,female,3.3948031041669644
178,white,minor,female,6.04453912203606
179,white,minor,female,6.702071117122443
180,white,minor,female,4.660157049465884
181,white,minor,female,4.886996365782651
182,white,minor,female,4.733961382731951
183,white,minor,female,5.716043026480694
184,white,minor,female,4.974135815603461
185,white,minor,female,3.493658319781286
186,white,minor,female,5.295831109614033
187,white,minor,female,5.942214263525924
188,white,minor,female,6.145847941060963
189,white,minor,female,5.3283824493546
190,white,minor,female,6.068775321773045
191,white,minor,female,5.042884672062622
192,white,minor,female,5.602998372902461
193,white,minor,female,4.9155423885493
194,white,minor,female,4.19267015150104
195,white,minor,female,7.119128522696888
196,white,minor,female,6.182029872513373
197,white,minor,female,5.037307944173327
198,white,minor,female,5.126949923623131
199,white,minor,female,5.238377204521651
200,white,minor,female,3.5069878319897425
201,white,minor,female,4.974166674921365
202,white,minor,female,5.0857702063726595
203,white,minor,female,4.630955286408982
204,white,minor,female,5.807744071088786
205,white,minor,female,4.780180122378223
206,white,minor,female,3.332250025334149
207,white,minor,female,5.932091094508026
208,white,minor,female,6.2567826299782565
209,white,minor,female,5.7010246098481385
210,white,minor,female,4.704071219848412
211,white,minor,female,4.499709857064972
212,white,minor,female,6.058651077067716
213,white,minor,female,4.0580416864253
214,white,minor,female,5.3565816452057415
215,white,minor,female,6.11053458380573
216,white,minor,female,5.966371872681454
217,white,minor,female,6.397768183799314
218,white,minor,female,4.693736256551828
219,white,minor,female,3.785301676759765
220,white,minor,female,4.451869370290458
221,white,minor,female,5.091727727295955
222,white,minor,female,6.1371916518474166
223,white,minor,female,4.419216564013594
224,white,minor,female,4.051732724130889
225,white,minor,female,6.559631615800515
226,white,minor,female,5.3837880453398075
227,white,minor,female,3.669911626357984
228,white,minor,female,4.994929141667079
229,white,minor,female,6.192473262141864
230,white,minor,female,5.344320073581396
231,white,minor,female,4.7017570488248674
232,white,minor,female,4.67066449009144
233,white,minor,female,4.207005737289219
234,white,minor,female,5.270867992573306
235,white,minor,female,5.082564460962487
236,white,minor,female,6.060764357461947
237,white,minor,female,5.51002355647661
238,white,minor,female,5.499470161649371
239,white,minor,female,4.529530558664503
240,white,minor,female,5.679511755929018
241,white,minor,female,5.4669386491001335
242,white,minor,female,5.625165011439667
243,white,minor,female,5.896244241932038
244,white,minor,female,6.049030229093949
245,white,minor,female,5.879492048316119
246,white,minor,female,4.456886669777623
247,white,minor,female,4.421624958736948
248,white,minor,female,5.112154705644878
249,white,minor,female,5.597384262498481
250,white,minor,female,6.125984296249617
251,white,minor,female,5.83515785865647
252,white,minor,female,6.166146062412658
253,white,minor,female,4.221586801117481
254,white,minor,female,4.359117157835969
255,white,minor,female,4.929242844180663
256,white,minor,female,6.504298097992287
257,white,minor,female,7.522447444536241
258,white,minor,female,5.411561793668012
259,white,minor,female,3.6569576862383073
260,white,minor,female,5.066784175919177
261,white,minor,female,6.351594388152721
262,white,minor,female,5.560062993713696
263,white,minor,female,5.285409630526629
264,white,minor,female,4.709574528072492
265,white,minor,female,5.826465712332937
266,white,minor,female,5.719630646635209
267,white,minor,female,5.343419209703961
268,white,minor,female,3.943951599997056
269,white,minor,female,6.382475983623783
270,white,minor,female,5.424058415494971
271,white,minor,female,4.801987151105284
272,white,minor,female,5.018031752451874
273,white,minor,female,5.606506449245095
274,white,minor,female,4.7524900493527324
275,white,minor,female,5.062413977821712
276,white,minor,female,5.091377031202258
277,white,minor,female,4.535770782760696
278,white,minor,female,4.832068044882776
279,white,minor,female,4.857560555204663
280,white,minor,female,8.119762050272447
281,white,minor,female,5.287772722113609
282,white,minor,female,4.568819850801179
283,white,minor,female,6.139995910377368
284,white,minor,female,7.0431906906667265
285,white,minor,female,3.1891256655020745
286,white,minor,female,5.866504485042043
287,white,minor,female,5.251249737886173
288,white,minor,female,4.4662654938361435
289,white,minor,female,4.69915917443696
290,white,minor,female,4.432301002028001
291,white,minor,female,6.997162574992191
292,white,minor,female,4.673307078147159
293,white,minor,female,6.885351639890184
294,white,minor,female,4.785588440303551
295,white,minor,female,4.866454877698957
296,white,minor,female,4.9892460990367455
297,white,minor,female,5.001964110300647
298,white,minor,female,5.012500749780287
299,white,minor,female,5.3208495912269695
300,white,adult,male,6.5498749280378314
301,white,adult,male,4.628700445228557
302,white,adult,male,3.66910630738352
303,white,adult,male,5.211447426922986
304,white,adult,male,4.729444789710088
305,white,adult,male,5.082598344659066
306,white,adult,male,5.249189404626388
307,white,adult,male,5.006533569248752
308,white,adult,male,5.839087705877505
309,white,adult,male,6.749287481587573
310,white,adult,male,5.682792769820485
311,white,adult,male,6.096110119595029
312,white,adult,male,6.778126207397393
313,white,adult,male,3.573906369570692
314,white,adult,male,5.717138814512167
315,white,adult,male,3.9744702773493943
316,white,adult,male,4.63168375512138
317,white,adult,male,5.920333655179825
318,white,adult,male,5.622360158436157
319,white,adult,male,5.609820978412847
320,white,adult,male,8.164145212996825
321,white,adult,male,5.057335504580984
322,white,adult,male,6.592757020808717
323,white,adult,male,7.272546772230721
324,white,adult,male,5.637250571232773
325,white,adult,male,6.144224647799199
326,white,adult,male,6.025397255382547
327,white,adult,male,6.502812965927837
328,white,adult,male,8.506971696977274
329,white,adult,male,6.506023555871761
330,white,adult,male,5.964983519081692
331,white,adult,male,2.889051901346613
332,white,adult,male,5.9481784835338525
333,white,adult,male,5.8355667593861265
334,white,adult,male,5.099495991555454
335,white,adult,male,6.269582559518992
336,white,adult,male,4.727775714749284
337,white,adult,male,5.015443732661085
338,white,adult,male,6.163306643539093
339,white,adult,male,4.520484722009035
340,white,adult,male,4.959256386724351
341,white,adult,male,4.050727230063291
342,white,adult,male,7.791626090812959
343,white,adult,male,5.323660381205011
344,white,adult,male,6.8672039995979
345,white,adult,male,5.015836573178288
346,white,adult,male,8.19501645762151
347,white,adult,male,6.508581022578593
348,white,adult,male,4.895558815943518
349,white,adult,male,6.359583200236609
350,white,adult,male,7.136920605080547
351,white,adult,male,5.608108256730904
352,white,adult,male,6.056630783904141
353,white,adult,male,6.265494928541541
354,white,adult,male,6.918257955193871
355,white,adult,male,7.381426279616393
356,white,adult,male,5.151799342646987
357,white,adult,male,6.23099862969273
358,white,adult,male,6.76740016457153
359,white,adult,male,4.907820400852583
360,white,adult,male,7.25906805638725
361,white,adult,male,6.684747406865382
362,white,adult,male,6.84047047019854
363,white,adult,male,4.385798039185904
364,white,adult,male,5.245025500077379
365,white,adult,male,4.837563673531125
366,white,adult,male,6.845384488491599
367,white,adult,male,5.0011658743827505
368,white,adult,male,5.745538845549665
369,white,adult,male,6.448539821262671
370,white,adult,male,7.030557210519781
371,white,adult,male,4.434820214726551
372,white,adult,male,5.2762634481198445
373,white,adult,male,7.423333276036925
374,white,adult,male,5.839089970265659
375,white,adult,male,5.854177099465596
376,white,adult,male,7.1649556917581805
377,white,adult,male,6.6876837802180855
378,white,adult,male,7.357070920880618
379,white,adult,male,6.416724709824069
380,white,adult,male,7.569403059267376
381,white,adult,male,5.389242600605277
382,white,adult,male,6.051088686913125
383,white,adult,male,6.558318126660373
384,white,adult,male,6.490822468783138
385,white,adult,male,4.863012398193597
386,white,adult,male,6.169511750082262
387,white,adult,male,5.990514886144342
388,white,adult,male,6.60104970982346
389,white,adult,male,6.802833891560436
390,white,adult,male,5.176005600073202
391,white,adult,male,3.3772977253066268
392,white,adult,male,7.262672183823842
393,white,adult,male,7.125426498438234
394,white,adult,male,5.9969182771715595
395,white,adult,male,6.469349697648804
396,white,adult,male,7.0354324950646125
397,white,adult,male,4.930093146665283
398,white,adult,male,4.602724002608959
399,white,adult,male,5.79155863042134
400,white,adult,male,3.851901282286877
401,white,adult,male,6.274009307039781
402,white,adult,male,5.629752338950428
403,white,adult,male,4.27585980450551
404,white,adult,male,7.6124603707263665
405,white,adult,male,4.860493994375191
406,white,adult,male,6.343738927389213
407,white,adult,male,6.290258702097777
408,white,adult,male,5.95942134595712
409,white,adult,male,4.748061207561644
410,white,adult,male,5.8903284071560815
411,white,adult,male,5.973868397956049
412,white,adult,male,4.633713334473854
413,white,adult,male,6.418681629400575
414,white,adult,male,4.718994703101189
415,white,adult,male,4.279654157531441
416,white,adult,male,8.064191501137861
417,white,adult,male,5.6019315469000075
418,white,adult,male,7.374134245998393
419,white,adult,male,4.417982195635672
420,white,adult,male,6.9436697559411
421,white,adult,male,6.2287133978777325
422,white,adult,male,4.867484778546669
423,white,adult,male,4.772020007851843
424,white,adult,male,5.7508638849454545
425,white,adult,male,5.09954313540697
426,white,adult,male,6.575968939175737
427,white,adult,male,6.4842099658702015
428,white,adult,male,6.033347339540923
429,white,adult,male,6.690874234460358
430,white,adult,male,6.833942411696512
431,white,adult,male,5.2844427316808655
432,white,adult,male,6.93611898618987
433,white,adult,male,6.663257136899626
434,white,adult,male,6.418876061989892
435,white,adult,male,6.126362148747274
436,white,adult,male,5.745666439559658
437,white,adult,male,4.224258373482423
438,white,adult,male,5.6132903458437795
439,white,adult,male,8.042839045861218
440,white,adult,male,5.073617796421133
441,white,adult,male,6.796908774070497
442,white,adult,male,5.682533577722319
443,white,adult,male,6.554275171395715
444,white,adult,male,6.1802980618635015
445,white,adult,male,6.3531209252468095
446,white,adult,male,5.9603291804393566
447,white,adult,male,4.978278267406404
448,white,adult,male,7.705240250975219
449,white,adult,male,6.259682668512087
450,white,adult,male,6.422424573063803
451,white,adult,male,5.107176404476798
452,white,adult,male,5.169859075384083
453,white,adult,male,4.363495052090815
454,white,adult,male,4.260849586202803
455,white,adult,male,5.598144544121632
456,white,adult,male,5.034269998154935
457,white,adult,male,7.738929512604049
458,white,adult,male,7.9173571120778075
459,white,adult,male,6.639953072750711
460,white,adult,male,5.735768444549833
461,white,adult,male,5.434323092470798
462,white,adult,male,4.945919468544238
463,white,adult,male,6.94546577596946
464,white,adult,male,6.19950215574893
465,white,adult,male,3.290907419066122
466,white,adult,male,7.011375117943909
467,white,adult,male,6.643187176995963
468,white,adult,male,6.57021732055061
469,white,adult,male,7.420637484324702
470,white,adult,male,7.190546188714999
471,white,adult,male,6.144824947381647
472,white,adult,male,4.055606080536751
473,white,adult,male,6.529870808641028
474,white,adult,male,7.127890557514428
475,white,adult,male,7.458655210341861
476,white,adult,male,4.781476112825537
477,white,adult,male,6.149906024765087
478,white,adult,male,6.537788441099932
479,white,adult,male,5.750593526704453
480,white,adult,male,4.839475666663798
481,white,adult,male,6.9891403457676295
482,white,adult,male,5.700126790539288
483,white,adult,male,6.095473071130268
484,white,adult,male,6.159344626397286
485,white,adult,male,7.5801052147760375
486,white,adult,male,5.788142307580717
487,white,adult,male,5.240397874318169
488,white,adult,male,6.063038757293401
489,white,adult,male,6.908202904576932
490,white,adult,male,6.175594319866813
491,white,adult,male,5.779591623284745
492,white,adult,male,6.392164162944538
493,white,adult,male,6.147126630023018
494,white,adult,male,4.407011510607895
495,white,adult,male,4.83397490110432
496,white,adult,male,4.720188062674151
497,white,adult,male,6.330418887079969
498,white,adult,male,6.028369631868105
499,white,adult,male,6.7187146378548785
500,white,adult,male,4.857786261461867
501,white,adult,male,6.479611655006185
502,white,adult,male,6.262945974149197
503,white,adult,male,6.14899432652542
504,white,adult,male,6.055961235183436
505,white,adult,male,4.893314094514116
506,white,adult,male,5.4379798861409565
507,white,adult,male,7.836472862695737
508,white,adult,male,5.37147314057317
509,white,adult,male,6.336938945326711
510,white,adult,male,6.435963749288862
511,white,adult,male,5.869553285200561
512,white,adult,male,5.4235263302867285
513,white,adult,male,4.041987167767492
514,white,adult,male,5.414433273352537
515,white,adult,male,5.693062397517049
516,white,adult,male,5.498450188013387
517,white,adult,male,6.979784965855799
518,white,adult,male,5.38788887074284
519,white,adult,male,4.7932051333650865
520,white,adult,male,6.286380248125638
521,white,adult,male,5.922765108711113
522,white,adult,male,6.213602322901787
523,white,adult,male,7.524838166811146
524,white,adult,male,4.574415448029567
525,white,adult,male,5.0117123516921716
526,white,adult,male,4.7077413257526395
527,white,adult,male,5.844448697538632
528,white,adult,male,4.128151232138232
529,white,adult,male,6.143880944379676
530,white,adult,male,6.550944265504023
531,white,adult,male,5.003854960726922
532,white,adult,male,5.829475696473498
533,white,adult,male,5.322972937107678
534,white,adult,male,4.870451257681804
535,white,adult,male,4.948180112892581
536,white,adult,male,3.4952497864060863
537,white,adult,male,4.982078814756715
538,white,adult,male,7.571829792472959
539,white,adult,male,6.170719106069844
540,white,adult,male,6.6059306403233675
541,white,adult,male,5.940146539869521
542,white,adult,male,5.6068344232412235
543,white,adult,male,6.361660919056004
544,white,adult,male,5.509953088186493
545,white,adult,male,5.364909695568154
546,white,adult,male,5.537232429543103
547,white,adult,male,7.6088278486063246
548,white,adult,male,5.791394226013675
549,white,adult,male,7.441334272828589
550,white,adult,male,4.809871302647393
551,white,adult,male,7.029815957418857
552,white,adult,male,6.29897461510967
553,white,adult,male,6.173754857974861
554,white,adult,male,6.363210862203719
555,white,adult,male,5.747033929297995
556,white,adult,male,5.456220638754089
557,white,adult,male,4.582489760940492
558,white,adult,male,7.193372406716247
559,white,adult,male,5.275850271225522
560,white,adult,male,5.308797856727386
561,white,adult,male,4.99724467497285
562,white,adult,male,6.976360670136065
563,white,adult,male,7.370812293127628
564,white,adult,male,5.327376007169334
565,white,adult,male,5.822295919004227
566,white,adult,male,4.324445115062754
567,white,adult,male,5.8741543299356795
568,white,adult,male,6.137054768740497
569,white,adult,male,6.290373882192452
570,white,adult,male,5.7015345683555765
571,white,adult,male,5.805945432722468
572,white,adult,male,7.875085613183316
573,white,adult,male,4.0456826266914145
574,white,adult,male,6.308134333005223
575,white,adult,male,5.947983352410753
576,white,adult,male,5.015696969639333
577,white,adult,male,6.289738640907503
578,white,adult,male,5.37405141644321
579,white,adult,male,4.847819338645246
580,white,adult,male,6.058903083631564
581,white,adult,male,5.690519323781061
582,white,adult,male,5.634010889516058
583,white,adult,male,4.202525976354234
584,white,adult,male,7.6466136203567485
585,white,adult,male,6.351168356307779
586,white,adult,male,6.2008051725552855
587,white,adult,male,5.213582008975509
588,white,adult,male,5.972199754222003
589,white,adult,male,4.5132595093507
590,white,adult,male,5.541262510105954
591,white,adult,male,5.428821724874656
592,white,adult,male,6.270299360159614
593,white,adult,male,6.6446171771081595
594,white,adult,male,6.152647068346031
595,white,adult,male,5.468464813977241
596,white,adult,male,4.6122980301754755
597,white,adult,male,5.81142686231187
598,white,adult,male,6.338336663950013
599,white,adult,male,6.5834001914878995
600,white,adult,female,4.453789503082276
601,white,adult,female,5.024875509926274
602,white,adult,female,4.584943772000781
603,white,adult,female,5.708397331680871
604,white,adult,female,5.482268035291231
605,white,adult,female,5.7990703326363064
606,white,adult,female,4.604381995257461
607,white,adult,female,5.717387041659884
608,white,adult,female,7.412950239309445
609,white,adult,female,5.635909731672261
610,white,adult,female,6.583686160259142
611,white,adult,female,6.114933629650627
612,white,adult,female,5.916771550982109
613,white,adult,female,5.633455640137992
614,white,adult,female,5.7630096433274325
615,white,adult,female,3.7429054312792456
616,white,adult,female,5.630367616933153
617,white,adult,female,6.97805952922131
618,white,adult,female,7.389718235353991
619,white,adult,female,4.253807463441697
620,white,adult,female,3.609763806065879
621,white,adult,female,4.543808374349971
622,white,adult,female,6.540245615662424
623,white,adult,female,6.10254999867701
624,white,adult,female,5.382110553725145
625,white,adult,female,4.759022555392017
626,white,adult,female,2.389201765492078
627,white,adult,female,4.833917061783784
628,white,adult,female,6.468129332781504
629,white,adult,female,7.394128530451497
630,white,adult,female,4.9474574795510415
631,white,adult,female,4.634317135400948
632,white,adult,female,7.787323139445796
633,white,adult,female,6.3209124565527866
634,white,adult,female,5.478112100073636
635,white,adult,female,3.686054122231921
636,white,adult,female,7.620397856265088
637,white,adult,female,6.483879719219075
638,white,adult,female,6.29419971806434
639,white,adult,female,5.217607954027747
640,white,adult,female,4.662409952215142
641,white,adult,female,4.5284425436892315
642,white,adult,female,6.577532829844228
643,white,adult,female,6.306811607761011
644,white,adult,female,5.718198356208715
645,white,adult,female,5.6672169350137125
646,white,adult,female,5.030881600050009
647,white,adult,female,6.7661855587940645
648,white,adult,female,6.3558328837169125
649,white,adult,female,6.546797342956493
650,white,adult,female,5.280194892194332
651,white,adult,female,6.285999176051883
652,white,adult,female,6.659399498152476
653,white,adult,female,5.621304049449682
654,white,adult,female,5.034627609847963
655,white,adult,female,5.8340765935379615
656,white,adult,female,5.603447891321625
657,white,adult,female,5.83249809979684
658,white,adult,female,5.592876273597346
659,white,adult,female,7.350054697044642
660,white,adult,female,6.737609896679033
661,white,adult,female,5.210640803211277
662,white,adult,female,5.068442721438063
663,white,adult,female,5.114834325777181
664,white,adult,female,5.810486105964206
665,white,adult,female,4.232522950222471
666,white,adult,female,5.995348980107309
667,white,adult,female,7.810007604131417
668,white,adult,female,6.193885754333018
669,white,adult,female,5.565172358956012
670,white,adult,female,6.014709086411143
671,white,adult,female,4.356702368200667
672,white,adult,female,5.783642538160014
673,white,adult,female,6.431999869336351
674,white,adult,female,6.437684990486159
675,white,adult,female,5.566194726230808
676,white,adult,female,5.744519309478109
677,white,adult,female,6.166184277659406
678,white,adult,female,4.380689631073441
679,white,adult,female,6.1904192843662775
680,white,adult,female,4.994038516263021
681,white,adult,female,6.00985177933348
682,white,adult,female,6.222147259292354
683,white,adult,female,5.274052199307681
684,white,adult,female,5.357959029908878
685,white,adult,female,6.910282568679205
686,white,adult,female,6.696565389625411
687,white,adult,female,6.942950487038511
688,white,adult,female,7.765631485276647
689,white,adult,female,5.342487718117811
690,white,adult,female,7.324270362145686
691,white,adult,female,5.740615181243007
692,white,adult,female,6.022894177301058
693,white,adult,female,3.6837862507270445
694,white,adult,female,6.775166763476918
695,white,adult,female,6.575871856429101
696,white,adult,female,6.197747392589509
697,white,adult,female,5.9219616234169035
698,white,adult,female,5.100506616976999
699,white,adult,female,3.243605553179412
700,white,adult,female,6.1036839285122335
701,white,adult,female,7.396870390357073
702,white,adult,female,5.505737432811271
703,white,adult,female,5.712354859892935
704,white,adult,female,5.1900620655980285
705,white,adult,female,7.082616204282565
706,white,adult,female,6.436465126586101
707,white,adult,female,3.9475119432189345
708,white,adult,female,5.507444466440806
709,white,adult,female,5.573875017734006
710,white,adult,female,5.923927340821976
711,white,adult,female,4.700610939883807
712,white,adult,female,4.901418436098645
713,white,adult,female,5.523792389068812
714,white,adult,female,6.631931221155264
715,white,adult,female,5.719877885073447
716,white,adult,female,7.059781384584474
717,white,adult,female,5.388592612934226
718,white,adult,female,6.091643170640075
719,white,adult,female,5.2480834031399555
720,white,adult,female,6.966038326045752
721,white,adult,female,3.978837311481092
722,white,adult,female,6.081987666923565
723,white,adult,female,6.475385289306325
724,white,adult,female,5.495012975356869
725,white,adult,female,5.695775365744535
726,white,adult,female,7.05720589678974
727,white,adult,female,6.239021424336211
728,white,adult,female,7.303114871138333
729,white,adult,female,6.518404656718818
730,white,adult,female,5.2547732996351195
731,white,adult,female,8.056108487977651
732,white,adult,female,5.155105325487135
733,white,adult,female,5.529501271808021
734,white,adult,female,5.173617379107273
735,white,adult,female,5.8310045667536095
736,white,adult,female,6.380427739841328
737,white,adult,female,6.956704683685047
738,white,adult,female,4.101397654642554
739,white,adult,female,5.664843955699215
740,white,adult,female,5.902393643002708
741,white,adult,female,4.890037246800741
742,white,adult,female,6.034767829832478
743,white,adult,female,5.230841817006879
744,white,adult,female,5.682728807821161
745,white,adult,female,5.2264264919912735
746,white,adult,female,6.144078676485042
747,white,adult,female,6.455565780605024
748,white,adult,female,8.56304900035628
749,white,adult,female,4.68545268518527
750,white,adult,female,4.811074806360593
751,white,adult,female,5.118675313820301
752,white,adult,female,5.0029225134931075
753,white,adult,female,4.905058967028049
754,white,adult,female,5.9191587286319285
755,white,adult,female,5.652840492517355
756,white,adult,female,5.660438507789622
757,white,adult,female,3.478779190779831
758,white,adult,female,5.151379340793629
759,white,adult,female,6.035904392581832
760,white,adult,female,6.576649705216226
761,white,adult,female,6.309305092542277
762,white,adult,female,5.737460089346239
763,white,adult,female,3.8707214923906954
764,white,adult,female,4.584002230269663
765,white,adult,female,5.534604443763044
766,white,adult,female,6.021860922621096
767,white,adult,female,6.015045350518898
768,white,adult,female,5.736541119322135
769,white,adult,female,5.159342190411978
770,white,adult,female,6.108626211929864
771,white,adult,female,5.807078550052815
772,white,adult,female,5.980015227950678
773,white,adult,female,5.86670605185472
774,white,adult,female,5.812178792367421
775,white,adult,female,6.519803257506538
776,white,adult,female,6.254221012979225
777,white,adult,female,5.980112802293888
778,white,adult,female,5.798305683964951
779,white,adult,female,5.327917023562805
780,white,adult,female,5.227442967909154
781,white,adult,female,6.033514235126877
782,white,adult,female,4.499884823347577
783,white,adult,female,7.584631685225982
784,white,adult,female,4.750430745678189
785,white,adult,female,5.394860355632466
786,white,adult,female,4.0909371340098994
787,white,adult,female,3.8139754636508028
788,white,adult,female,5.76464349818733
789,white,adult,female,6.111056551701855
790,white,adult,female,7.460131582512118
791,white,adult,female,7.170703328731859
792,white,adult,female,5.110524390681138
793,white,adult,female,5.271351126136959
794,white,adult,female,4.52865065274718
795,white,adult,female,5.11033974420645
796,white,adult,female,6.154358758484325
797,white,adult,female,5.570124395969812
798,white,adult,female,7.381921369045491
799,white,adult,female,4.945847711033145
800,other,minor,male,6.018826420418277
801,other,minor,male,6.31782838458548
802,other,minor,male,5.770260555939528
803,other,minor,male,5.278302685973113
804,other,minor,male,5.064390595213946
805,other,minor,male,5.891272385934611
806,other,minor,male,5.276713520782097
807,other,minor,male,5.193889930705092
808,other,minor,male,4.325513316668253
809,other,minor,male,4.142287014725634
810,other,minor,male,5.348776691448733
811,other,minor,male,4.373739247712786
812,other,minor,male,4.947091139361843
813,other,minor,male,4.860668992517288
814,other,minor,male,5.6649599619645
815,other,minor,male,5.209837634834324
816,other,minor,male,6.751707270109732
817,other,minor,male,4.987927782615656
818,other,minor,male,6.127623908812994
819,other,minor,male,7.3572385097129445
820,other,minor,male,7.017173959983368
821,other,minor,male,5.627115155868958
822,other,minor,male,6.899447915692475
823,other,minor,male,5.772828831897886
824,other,minor,male,5.395430058046145
825,other,minor,male,5.570318487683591
826,other,minor,male,7.007331224456289
827,other,minor,male,6.560506615872961
828,other,minor,male,4.579695858192288
829,other,minor,male,7.231949021372955
830,other,minor,male,6.304795700570618
831,other,minor,male,5.4572682449451175
832,other,minor,male,8.229193879059158
833,other,minor,male,5.434336418011012
834,other,minor,male,4.664850348726599
835,other,minor,male,4.79113564525653
836,other,minor,male,5.2554502243792145
837,other,minor,male,7.002642251049899
838,other,minor,male,4.125308879215923
839,other,minor,male,6.180916571936762
840,other,minor,male,4.8516975102008555
841,other,minor,male,5.982755733762872
842,other,minor,male,4.126260401807908
843,other,minor,male,6.449270790629432
844,other,minor,male,4.442090772270612
845,other,minor,male,5.944566411007232
846,other,minor,male,3.9827997382287803
847,other,minor,male,5.910329838801139
848,other,minor,male,5.920482455966889
849,other,minor,male,5.088701530633564
850,other,minor,male,6.1790758445795575
851,other,minor,male,6.729314313573294
852,other,minor,male,5.525729375772089
853,other,minor,male,7.014075484842232
854,other,minor,male,5.626217698196239
855,other,minor,male,6.617592010348772
856,other,minor,male,4.705388364493027
857,other,minor,male,3.771228188450089
858,other,minor,male,4.673252300048766
859,other,minor,male,4.947710451620323
860,other,minor,male,6.243318483708718
861,other,minor,male,7.85059161464204
862,other,minor,male,6.082395386517198
863,other,minor,male,5.836360499004215
864,other,minor,male,4.827605617958703
865,other,minor,male,4.557207745303838
866,other,minor,male,5.018765759277832
867,other,minor,male,4.471933038229414
868,other,minor,male,5.899607909540146
869,other,minor,male,5.04712186326939
870,other,minor,male,4.71843124092908
871,other,minor,male,5.556492944500633
872,other,minor,male,5.85419096950964
873,other,minor,male,5.506765283963304
874,other,minor,male,4.6509829182946865
875,other,minor,male,6.439505019341915
876,other,minor,male,6.922962155452842
877,other,minor,male,3.8828327600834465
878,other,minor,male,4.23693243953172
879,other,minor,male,6.201594445481865
880,other,minor,male,3.3508760812873817
881,other,minor,male,6.257116970599596
882,other,minor,male,4.2742183355380545
883,other,minor,male,6.252335568907071
884,other,minor,male,6.038049871082667
885,other,minor,male,5.275772251777702
886,other,minor,male,5.303022023072923
887,other,minor,male,4.738091053158144
888,other,minor,male,6.733963427947681
889,other,minor,male,6.158146917791685
890,other,minor,male,5.218879514761367
891,other,minor,male,4.921800018918825
892,other,minor,male,6.561985522551136
893,other,minor,male,5.855903013754066
894,other,minor,male,5.627549214233727
895,other,minor,male,5.658458841621941
896,other,minor,male,4.432927884080554
897,other,minor,male,7.331030437970384
898,other,minor,male,6.765432263170863
899,other,minor,male,5.806674314679528
900,other,minor,male,5.709746000836054
901,other,minor,male,5.799561679239726
902,other,minor,male,3.8721389763435665
903,other,minor,male,3.9431818193611186
904,other,minor,male,4.339223460040402
905,other,minor,male,5.617911052243139
906,other,minor,male,5.261407296966585
907,other,minor,male,5.565459960079007
908,other,minor,male,6.129187114562233
909,other,minor,male,4.744731357158278
910,other,minor,male,3.956383597298019
911,other,minor,male,6.305074802605326
912,other,minor,male,4.041222402276769
913,other,minor,male,3.975782109740158
914,other,minor,male,6.615746828700409
915,other,minor,male,5.00612815136079
916,other,minor,male,3.4758929237741922
917,other,minor,male,4.630695875508444
918,other,minor,male,5.884733189780317
919,other,minor,male,4.13178330645782
920,other,minor,male,5.487245218920469
921,other,minor,male,4.776703803740084
922,other,minor,male,5.819560543211021
923,other,minor,male,5.8260084200194076
924,other,minor,male,3.478120834959686
925,other,minor,male,5.044105742820069
926,other,minor,male,5.4634959559274465
927,other,minor,male,4.017490458185993
928,other,minor,male,5.453285319982362
929,other,minor,male,5.962336106948236
930,other,minor,male,5.173418963572823
931,other,minor,male,4.163491371060665
932,other,minor,male,4.48453636250555
933,other,minor,male,6.256043170893406
934,other,minor,male,4.970565827171439
935,other,minor,male,4.203482974437115
936,other,minor,male,5.979452785875172
937,other,minor,male,6.388825247752006
938,other,minor,male,5.310011661585098
939,other,minor,male,4.421594730903486
940,other,minor,male,4.9715909256593465
941,other,minor,male,5.471509870912594
942,other,minor,male,4.971524831985172
943,other,minor,male,5.116096796900124
944,other,minor,male,3.7931858811043337
945,other,minor,male,5.4098598152504795
946,other,minor,male,6.451225737726707
947,other,minor,male,6.1361747103934405
948,other,minor,male,6.67050189324215
949,other,minor,male,6.122795836275099
950,other,minor,male,4.495468389576007
951,other,minor,male,4.983913322126693
952,other,minor,male,6.327556686693876
953,other,minor,male,4.594684368831955
954,other,minor,male,5.430715589960839
955,other,minor,male,3.8752192034037747
956,other,minor,male,2.188879010406259
957,other,minor,male,5.065539938014904
958,other,minor,male,3.869949658997582
959,other,minor,male,7.301200682882913
960,other,minor,male,5.851005286901858
961,other,minor,male,6.343173114279842
962,other,minor,male,4.491048160293213
963,other,minor,male,5.006012652032454
964,other,minor,male,4.37887430401065
965,other,minor,male,5.310981679610869
966,other,minor,male,4.858802575153364
967,other,minor,male,4.816796125606263
968,other,minor,male,6.588815193041405
969,other,minor,male,5.394036211992935
970,other,minor,male,6.668685259392622
971,other,minor,male,6.3881717389305335
972,other,minor,male,5.8990441689447035
973,other,minor,male,6.996025119292608
974,other,minor,male,5.947770095909129
975,other,minor,male,6.255293463825932
976,other,minor,male,5.393789380075753
977,other,minor,male,5.112160503074165
978,other,minor,male,5.816172934349803
979,other,minor,male,5.389303962573406
980,other,minor,male,4.5053894174431965
981,other,minor,male,3.685439375296278
982,other,minor,male,4.750954957131654
983,other,minor,male,5.228639005101472
984,other,minor,male,5.210076250711087
985,other,minor,male,3.8696752354988684
986,other,minor,male,4.800096571398437
987,other,minor,male,5.100141573235776
988,other,minor,male,4.6889782615212505
989,other,minor,male,4.977262685075716
990,other,minor,male,4.863248084352169
991,other,minor,male,4.3309056317518175
992,other,minor,male,3.341800934611487
993,other,minor,male,4.992870984336992
994,other,minor,male,4.631289532708429
995,other,minor,male,4.7011514892204
996,other,minor,male,5.04811856638893
997,other,minor,male,5.671860430072186
998,other,minor,male,6.322342882632418
999,other,minor,male,5.729554740090951
1000,other,minor,male,4.640045564818166
1001,other,minor,male,5.227611924855667
1002,other,minor,male,4.311724336084856
1003,other,minor,male,5.810436189075605
1004,other,minor,male,5.742499618119469
1005,other,minor,male,5.0615533621481035
1006,other,minor,male,4.186069224242227
1007,other,minor,male,4.799151119947612
1008,other,minor,male,5.786258348930791
1009,other,minor,male,4.545308679423084
1010,other,minor,male,5.571021423874034
1011,other,minor,male,4.746107805189011
1012,other,minor,male,5.952185698173671
1013,other,minor,male,4.003840857824294
1014,other,minor,male,6.573659375894508
1015,other,minor,male,5.326943744048067
1016,other,minor,male,5.540994092758268
1017,other,minor,male,7.4963700851359985
1018,other,minor,male,6.0881870058123635
1019,other,minor,male,3.3188260672149936
1020,other,minor,male,4.8271020172718035
1021,other,minor,male,5.285132893707487
1022,other,minor,male,3.4078572398464715
1023,other,minor,male,6.032072798975227
1024,other,minor,male,6.312191119963257
1025,other,minor,male,4.043260813271194
1026,other,minor,male,5.402890409032938
1027,other,minor,male,4.699423953834638
1028,other,minor,male,5.633332314831118
1029,other,minor,male,5.580687130663158
1030,other,minor,male,4.437222483360838
1031,other,minor,male,5.091407985797436
1032,other,minor,male,5.280594952874124
1033,other,minor,male,6.0958275295034205
1034,other,minor,male,4.326307983353811
1035,other,minor,male,4.370321210606504
1036,other,minor,male,7.585756901207697
1037,other,minor,male,4.487783936905052
1038,other,minor,male,5.690989976040229
1039,other,minor,male,4.348916376017167
1040,other,minor,male,4.893625904149577
1041,other,minor,male,6.743172661350637
1042,other,minor,male,5.09711720661252
1043,other,minor,male,6.174962698725993
1044,other,minor,male,5.2918296566304965
1045,other,minor,male,4.662027714758252
1046,other,minor,male,5.776503550412368
1047,other,minor,male,4.507053961103775
1048,other,minor,male,5.07187079289217
1049,other,minor,male,4.657239873511928
1050,other,minor,male,4.453352024180186
1051,other,minor,male,4.2612552453419505
1052,other,minor,male,5.006338050364867
1053,other,minor,male,4.004948477827851
1054,other,minor,male,5.629676077232914
1055,other,minor,male,6.132635180684728
1056,other,minor,male,6.462790160089688
1057,other,minor,male,6.435949970929153
1058,other,minor,male,5.834820752464175
1059,other,minor,male,6.307165396988694
1060,other,minor,male,4.545686941068169
1061,other,minor,male,4.898495520887016
1062,other,minor,male,4.592870528520711
1063,other,minor,male,6.156550750249553
1064,other,minor,male,4.422485041106389
1065,other,minor,male,5.170920567103052
1066,other,minor,male,7.371428125928687
1067,other,minor,male,5.0919825832104095
1068,other,minor,male,5.164536259367804
1069,other,minor,male,6.507232877655188
1070,other,minor,male,6.666672115299434
1071,other,minor,male,5.426218351502529
1072,other,minor,male,4.861306448000559
1073,other,minor,male,7.381924120517996
1074,other,minor,male,3.9590633812454437
1075,other,minor,male,4.15083160469322
1076,other,minor,male,6.588024508747809
1077,other,minor,male,5.813958828839279
1078,other,minor,male,5.8054171108010895
1079,other,minor,male,6.610011913567313
1080,other,minor,male,5.175649797163135
1081,other,minor,male,2.710140594193487
1082,other,minor,male,4.194975699028334
1083,other,minor,male,5.188004043581141
1084,other,minor,male,4.923420410558494
1085,other,minor,male,5.0821593264083536
1086,other,minor,male,3.4026065989444394
1087,other,minor,male,6.591813708456779
1088,other,minor,male,4.613796258275396
1089,other,minor,male,5.257183666114937
1090,other,minor,male,5.364491262185659
1091,other,minor,male,5.351644421087639
1092,other,minor,male,5.291062498518574
1093,other,minor,male,4.356456694852504
1094,other,minor,male,6.077166853374067
1095,other,minor,male,3.788114448858696
1096,other,minor,male,4.526112216004995
1097,other,minor,male,3.589554444634236
1098,other,minor,male,4.837099663771334
1099,other,minor,male,5.386499417020114
1100,other,minor,male,5.96802007431464
1101,other,minor,male,5.701706725781216
1102,other,minor,male,4.394876207483198
1103,other,minor,male,5.473052885217945
1104,other,minor,male,5.164340609310612
1105,other,minor,male,3.663594310571008
1106,other,minor,male,4.648003727264329
1107,other,minor,male,7.441674707210601
1108,other,minor,male,6.188253874176742
1109,other,minor,male,5.13278258405407
1110,other,minor,male,6.9912918780242395
1111,other,minor,male,7.073676254178308
1112,other,minor,male,5.822202747714577
1113,other,minor,male,6.572252938029932
1114,other,minor,male,6.311422717075978
1115,other,minor,male,4.180668193221179
1116,other,minor,male,5.359189691531988
1117,other,minor,male,5.670309151769715
1118,other,minor,male,4.503290271478091
1119,other,minor,male,6.137205905099307
1120,other,minor,male,4.088863820193076
1121,other,minor,male,5.054187304282545
1122,other,minor,male,4.770044103457006
1123,other,minor,male,4.12226761626365
1124,other,minor,male,6.569795744055228
1125,other,minor,male,6.362707342093272
1126,other,minor,male,6.221577293439751
1127,other,minor,male,3.4131416221392197
1128,other,minor,male,5.217024447335885
1129,other,minor,male,4.856043293338811
1130,other,minor,male,5.078794605450073
1131,other,minor,male,5.829457490455136
1132,other,minor,male,5.997517580824539
1133,other,minor,male,7.149429503658232
1134,other,minor,male,5.103222137511241
1135,other,minor,male,3.4042330364117985
1136,other,minor,male,3.1133618318820084
1137,other,minor,male,5.818182922441579
1138,other,minor,male,6.861249409555501
1139,other,minor,male,5.728317046144064
1140,other,minor,male,6.705176852080572
1141,other,minor,male,6.3687447734500475
1142,other,minor,male,4.987884386122039
1143,other,minor,male,5.543635198169691
1144,other,minor,male,5.000524149751851
1145,other,minor,male,6.500733127214794
1146,other,minor,male,5.962494374479339
1147,other,minor,male,4.495002924603329
1148,other,minor,male,4.828638295053915
1149,other,minor,male,5.994385276807508
1150,other,minor,male,5.08272248750813
1151,other,minor,male,3.9194700109674576
1152,other,minor,male,6.393535107640463
1153,other,minor,male,3.3427847387481413
1154,other,minor,male,4.510216132134688
1155,other,minor,male,7.75317605616298
1156,other,minor,male,5.449933301578274
1157,other,minor,male,6.113464038976317
1158,other,minor,male,7.016465053544705
1159,other,minor,male,3.9483702805693373
1160,other,minor,male,5.393316560559057
1161,other,minor,male,3.9114925290325715
1162,other,minor,male,5.865582694587487
1163,other,minor,male,5.3142014603118755
1164,other,minor,male,5.263422064615717
1165,other,minor,male,4.487526871346957
1166,other,minor,male,6.6489293942358145
1167,other,minor,male,4.469213097406679
1168,other,minor,male,6.577153338593032
1169,other,minor,male,3.01336164790611
1170,other,minor,male,7.286847239375959
1171,other,minor,male,5.522499281939508
1172,other,minor,male,4.737097641604851
1173,other,minor,male,6.292718529385806
1174,other,minor,male,4.964136979890235
1175,other,minor,male,3.965558216486717
1176,other,minor,male,5.627246688788529
1177,other,minor,male,4.8561344429137945
1178,other,minor,male,3.9900379979493588
1179,other,minor,male,5.5451363217384015
1180,other,minor,male,4.530619483176008
1181,other,minor,male,5.760010923030033
1182,other,minor,male,3.9692886798205858
1183,other,minor,male,5.326375515862018
1184,other,minor,male,3.7314651967001007
1185,other,minor,male,5.81067651825101
1186,other,minor,male,7.156525017365502
1187,other,minor,male,6.174114345698038
1188,other,minor,male,6.161461972514403
1189,other,minor,male,4.053312011950531
1190,other,minor,male,4.767089550456409
1191,other,minor,male,4.925417716477538
1192,other,minor,male,5.177005414728788
1193,other,minor,male,6.663877819758371
1194,other,minor,male,6.469621644565093
1195,other,minor,male,6.637990661576248
1196,other,minor,male,5.069860929009636
1197,other,minor,male,2.8004659935034106
1198,other,minor,male,5.922811339823286
1199,other,minor,male,5.665583145564067
1200,other,minor,female,4.695084286663364
1201,other,minor,female,3.751913758334287
1202,other,minor,female,6.137102147978009
1203,other,minor,female,5.6636503877897955
1204,other,minor,female,5.133190590087995
1205,other,minor,female,4.853034360131692
1206,other,minor,female,5.256183874452013
1207,other,minor,female,7.65497615437663
1208,other,minor,female,3.5972389090375207
1209,other,minor,female,5.362752431783407
1210,other,minor,female,3.895053752340534
1211,other,minor,female,4.649415313008455
1212,other,minor,female,4.372943662741737
1213,other,minor,female,6.678225094710703
1214,other,minor,female,3.9832806366493467
1215,other,minor,female,5.316281241852147
1216,other,minor,female,7.011359074978195
1217,other,minor,female,4.713864532182048
1218,other,minor,female,5.039579846118915
1219,other,minor,female,5.499677546695206
1220,other,minor,female,4.455005677933901
1221,other,minor,female,5.37643667109064
1222,other,minor,female,4.597694231328407
1223,other,minor,female,5.384138201619197
1224,other,minor,female,4.986500989083464
1225,other,minor,female,4.697251278270885
1226,other,minor,female,4.0844714456278055
1227,other,minor,female,5.375178069403834
1228,other,minor,female,3.977076438718975
1229,other,minor,female,4.5388845610554185
1230,other,minor,female,6.365469575986493
1231,other,minor,female,5.2894432330722845
1232,other,minor,female,4.824344567329942
1233,other,minor,female,5.563717408573406
1234,other,minor,female,6.753830049178884
1235,other,minor,female,6.517756655289816
1236,other,minor,female,4.82035428731519
1237,other,minor,female,4.536993130087342
1238,other,minor,female,4.614077738144969
1239,other,minor,female,4.253159449363558
1240,other,minor,female,6.115583738190887
1241,other,minor,female,6.334783197563725
1242,other,minor,female,6.809663400874674
1243,other,minor,female,6.0436091301578925
1244,other,minor,female,3.3068022263867194
1245,other,minor,female,4.652283195821076
1246,other,minor,female,5.216219091348526
1247,other,minor,female,5.5572481986685816
1248,other,minor,female,4.195149166575056
1249,other,minor,female,4.860244632160021
1250,other,minor,female,4.861299086882067
1251,other,minor,female,7.1871690251937945
1252,other,minor,female,5.2938343396217755
1253,other,minor,female,5.791962078299369
1254,other,minor,female,5.618999196199121
1255,other,minor,female,5.809572541631073
1256,other,minor,female,5.36642298055177
1257,other,minor,female,6.068808826142534
1258,other,minor,female,3.8575958969067177
1259,other,minor,female,4.72813958617116
1260,other,minor,female,5.817486409618017
1261,other,minor,female,6.5269882942697475
1262,other,minor,female,5.575068842068655
1263,other,minor,female,4.893073330416585
1264,other,minor,female,4.964214088117657
1265,other,minor,female,6.143614556164155
1266,other,minor,female,4.123078003022173
1267,other,minor,female,5.704319927930873
1268,other,minor,female,5.193820575962674
1269,other,minor,female,5.74715778390218
1270,other,minor,female,5.703949422730782
1271,other,minor,female,5.304838853073765
1272,other,minor,female,5.249666646436884
1273,other,minor,female,3.683266521756013
1274,other,minor,female,6.528395755916199
1275,other,minor,female,5.438989241769587
1276,other,minor,female,5.334834955758288
1277,other,minor,female,7.4569727036261915
1278,other,minor,female,6.470687863855908
1279,other,minor,female,4.926704357993807
1280,other,minor,female,2.6836060505999586
1281,other,minor,female,3.999725917304885
1282,other,minor,female,6.1000241557129335
1283,other,minor,female,5.091318723780608
1284,other,minor,female,4.922943025837624
1285,other,minor,female,4.988976110118723
1286,other,minor,female,2.642561959814929
1287,other,minor,female,5.16550498023918
1288,other,minor,female,5.260135806890914
1289,other,minor,female,5.328316360207078
1290,other,minor,female,5.163403759401898
1291,other,minor,female,5.157453482975522
1292,other,minor,female,4.8194335855456085
1293,other,minor,female,3.7590400003970164
1294,other,minor,female,6.148529677756578
1295,other,minor,female,3.5979532088717976
1296,other,minor,female,5.556317237680724
1297,other,minor,female,6.353383412476655
1298,other,minor,female,6.3524634073549375
1299,other,minor,female,4.629350986128749
1300,other,minor,female,4.9681998378082275
1301,other,minor,female,5.770503308006464
1302,other,minor,female,5.143968160659104
1303,other,minor,female,4.792367871157295
1304,other,minor,female,5.983333179254102
1305,other,minor,female,5.4095109974287965
1306,other,minor,female,3.80313867609289
1307,other,minor,female,4.957599915213578
1308,other,minor,female,5.25736803355189
1309,other,minor,female,5.449411596989426
1310,other,minor,female,4.3654721004136485
1311,other,minor,female,6.0533006848916795
1312,other,minor,female,5.953800241612234
1313,other,minor,female,4.611605336206845
1314,other,minor,female,4.993831804109756
1315,other,minor,female,3.2084689892997855
1316,other,minor,female,4.901703781366916
1317,other,minor,female,5.236676109328791
1318,other,minor,female,5.760161343675244
1319,other,minor,female,3.8397586931035583
1320,other,minor,female,5.263928151872328
1321,other,minor,female,4.534374706053493
1322,other,minor,female,8.306521953810185
1323,other,minor,female,4.999727698451676
1324,other,minor,female,4.935352499881368
1325,other,minor,female,5.855370542007384
1326,other,minor,female,3.088498939354401
1327,other,minor,female,4.728646301241536
1328,other,minor,female,5.3659542667927465
1329,other,minor,female,4.610504690045177
1330,other,minor,female,4.358660249416191
1331,other,minor,female,4.533222690208015
1332,other,minor,female,6.8512306456082985
1333,other,minor,female,4.146866099990498
1334,other,minor,female,5.488501849457505
1335,other,minor,female,3.997329658743305
1336,other,minor,female,5.190303514015192
1337,other,minor,female,5.738832978489252
1338,other,minor,female,4.899066127659854
1339,other,minor,female,5.13024666500542
1340,other,minor,female,5.672806618303657
1341,other,minor,female,5.139917637177429
1342,other,minor,female,4.7455527992399
1343,other,minor,female,5.344769084854348
1344,other,minor,female,4.907768191881742
1345,other,minor,female,5.137808519804603
1346,other,minor,female,5.046004860800477
1347,other,minor,female,3.593503153625298
1348,other,minor,female,5.475420445565062
1349,other,minor,female,6.034716839558747
1350,other,minor,female,4.026370871295966
1351,other,minor,female,5.198968304097502
1352,other,minor,female,5.81832811614672
1353,other,minor,female,4.828397070015506
1354,other,minor,female,6.388832424361749
1355,other,minor,female,3.6216710235667784
1356,other,minor,female,6.059437873911314
1357,other,minor,female,4.928080077714887
1358,other,minor,female,2.5859950558458027
1359,other,minor,female,5.028761965440875
1360,other,minor,female,4.8082823508221635
1361,other,minor,female,6.883117651959372
1362,other,minor,female,4.772866216787602
1363,other,minor,female,7.289092588410325
1364,other,minor,female,4.503700900651247
1365,other,minor,female,5.687883327889684
1366,other,minor,female,3.9912298065681497
1367,other,minor,female,6.426645658818123
1368,other,minor,female,5.498891270951595
1369,other,minor,female,7.5572967023755275
1370,other,minor,female,4.263988930517386
1371,other,minor,female,4.672563429423006
1372,other,minor,female,4.334335031482813
1373,other,minor,female,7.657923097027832
1374,other,minor,female,3.1849634938764217
1375,other,minor,female,3.247685809001273
1376,other,minor,female,7.5426463709656435
1377,other,minor,female,5.084096199356161
1378,other,minor,female,6.62170217804168
1379,other,minor,female,5.941361625045002
1380,other,minor,female,5.806717631210889
1381,other,minor,female,4.565410156325756
1382,other,minor,female,3.4129836190624045
1383,other,minor,female,5.390446055592529
1384,other,minor,female,7.1926820049217
1385,other,minor,female,2.39365517372003
1386,other,minor,female,4.347928626220524
1387,other,minor,female,5.74647522966234
1388,other,minor,female,6.332290431855035
1389,other,minor,female,4.787794982521515
1390,other,minor,female,6.066905743956345
1391,other,minor,female,6.8686549827855
1392,other,minor,female,3.9706512949742923
1393,other,minor,female,5.156548912545019
1394,other,minor,female,3.9548827390447965
1395,other,minor,female,3.9591008892737074
1396,other,minor,female,7.447762960873046
1397,other,minor,female,6.531510587113454
1398,other,minor,female,5.640256500926433
1399,other,minor,female,4.209110147331209
1400,other,minor,female,7.118107574639914
1401,other,minor,female,5.578875404297166
1402,other,minor,female,5.49833085653743
1403,other,minor,female,5.980128450040703
1404,other,minor,female,7.1979302119238575
1405,other,minor,female,7.0552249319256575
1406,other,minor,female,6.341165314513075
1407,other,minor,female,3.6050078796390963
1408,other,minor,female,4.694188287835405
1409,other,minor,female,4.506997167319434
1410,other,minor,female,5.775293336602326
1411,other,minor,female,5.260878136398738
1412,other,minor,female,3.9257248113370444
1413,other,minor,female,5.241700270024359
1414,other,minor,female,5.140889071140534
1415,other,minor,female,6.543976028616219
1416,other,minor,female,4.616951468480363
1417,other,minor,female,5.303360074430818
1418,other,minor,female,5.155015316464133
1419,other,minor,female,4.327729681382975
1420,other,minor,female,8.43615598670789
1421,other,minor,female,4.475143556645055
1422,other,minor,female,5.0351168082926545
1423,other,minor,female,4.86303703900066
1424,other,minor,female,4.868554090148229
1425,other,minor,female,3.4049216919895615
1426,other,minor,female,4.573742572876753
1427,other,minor,female,5.743626316469565
1428,other,minor,female,5.411670546119072
1429,other,minor,female,4.771737050164619
1430,other,minor,female,6.285073625355585
1431,other,minor,female,4.640942423748256
1432,other,minor,female,2.945532408562994
1433,other,minor,female,5.400481710372854
1434,other,minor,female,4.173867040119075
1435,other,minor,female,5.834489255464987
1436,other,minor,female,6.7659676144979946
1437,other,minor,female,5.25683021998177
1438,other,minor,female,7.20391016156794
1439,other,minor,female,5.6272361631094565
1440,other,minor,female,4.4715466000271045
1441,other,minor,female,6.153088026935681
1442,other,minor,female,5.2580653992097846
1443,other,minor,female,5.618933590737984
1444,other,minor,female,4.741452393932917
1445,other,minor,female,5.923261085600893
1446,other,minor,female,4.439652664137473
1447,other,minor,female,5.707322877454984
1448,other,minor,female,3.8341359980726697
1449,other,minor,female,5.837213253543842
1450,other,minor,female,4.2077347947591655
1451,other,minor,female,5.845468002477704
1452,other,minor,female,6.021024986279999
1453,other,minor,female,4.122933211004414
1454,other,minor,female,6.165384169104334
1455,other,minor,female,3.3907803038551148
1456,other,minor,female,3.4487385605675396
1457,other,minor,female,6.361428080097129
1458,other,minor,female,4.106196635460226
1459,other,minor,female,4.711351298998062
1460,other,minor,female,5.744867160021313
1461,other,minor,female,5.337720080095805
1462,other,minor,female,5.371703757595447
1463,other,minor,female,5.071819953664949
1464,other,minor,female,5.81455432861104
1465,other,minor,female,5.7769772049276416
1466,other,minor,female,5.27770074505192
1467,other,minor,female,4.6591169930778245
1468,other,minor,female,3.930413940095448
1469,other,minor,female,6.801178918443329
1470,other,minor,female,4.227511521598405
1471,other,minor,female,4.307505360763097
1472,other,minor,female,5.894690813522985
1473,other,minor,female,5.817906828655017
1474,other,minor,female,5.041040579193201
1475,other,minor,female,4.580875344175953
1476,other,minor,female,5.951078006734029
1477,other,minor,female,4.6324341849779325
1478,other,minor,female,3.885649514408022
1479,other,minor,female,4.116944418818066
1480,other,minor,female,5.756089129486358
1481,other,minor,female,5.271625148442457
1482,other,minor,female,6.478798171694907
1483,other,minor,female,5.480804922189318
1484,other,minor,female,5.639981843594931
1485,other,minor,female,5.789154944727868
1486,other,minor,female,5.913000279705945
1487,other,minor,female,5.091342678224432
1488,other,minor,female,5.084258637294814
1489,other,minor,female,6.47268754613689
1490,other,minor,female,6.380107348262808
1491,other,minor,female,5.929404129215952
1492,other,minor,female,5.925204845380768
1493,other,minor,female,4.380453069879596
1494,other,minor,female,7.548437442354285
1495,other,minor,female,4.63322678552251
1496,other,minor,female,6.437606208723888
1497,other,minor,female,6.867602621497181
1498,other,minor,female,5.8681114888810955
1499,other,minor,female,6.701546444139735
1500,other,minor,female,5.291943280257058
1501,other,minor,female,6.203580663236432
1502,other,minor,female,4.48654084620346
1503,other,minor,female,6.062888467529055
1504,other,minor,female,4.87152731539599
1505,other,minor,female,4.635866190371975
1506,other,minor,female,7.0895825143966835
1507,other,minor,female,5.403544914400839
1508,other,minor,female,5.498454505392021
1509,other,minor,female,5.932124191816543
1510,other,minor,female,5.965354839959574
1511,other,minor,female,5.424373038928373
1512,other,minor,female,5.693490099927268
1513,other,minor,female,6.366050198496961
1514,other,minor,female,3.732541717606459
1515,other,minor,female,6.544398242230617
1516,other,minor,female,4.782776747430321
1517,other,minor,female,4.8249954094485545
1518,other,minor,female,3.961713761713405
1519,other,minor,female,4.027244819796426
1520,other,minor,female,3.6625125282913658
1521,other,minor,female,5.723740001753797
1522,other,minor,female,6.3947548929591385
1523,other,minor,female,3.3042138642702565
1524,other,minor,female,4.067404704009785
1525,other,minor,female,5.889846190166257
1526,other,minor,female,4.422042933840353
1527,other,minor,female,4.667789323190413
1528,other,minor,female,5.251306120116832
1529,other,minor,female,5.259343356667605
1530,other,minor,female,6.746445103854716
1531,other,minor,female,6.683113221376822
1532,other,minor,female,5.101153363918356
1533,other,minor,female,5.656281063689426
1534,other,minor,female,5.485540419525832
1535,other,minor,female,4.3756891586580435
1536,other,minor,female,3.9291746144097095
1537,other,minor,female,3.951002624103701
1538,other,minor,female,6.844354368139989
1539,other,minor,female,5.105786404787812
1540,other,minor,female,3.564454174920283
1541,other,minor,female,3.9099681861994613
1542,other,minor,female,6.1319659085650065
1543,other,minor,female,5.39808062378424
1544,other,minor,female,5.807018280615991
1545,other,minor,female,4.066014346723323
1546,other,minor,female,3.7444913957253245
1547,other,minor,female,3.9058478488944735
1548,other,minor,female,6.385624026136032
1549,other,minor,female,4.645080976936213
1550,other,minor,female,4.701473777242278
1551,other,minor,female,6.257495489321259
1552,other,minor,female,5.826547691055095
1553,other,minor,female,4.01366458643709
1554,other,minor,female,5.632648137148168
1555,other,minor,female,4.865971822161052
1556,other,minor,female,5.194831680115183
1557,other,minor,female,5.661637177108345
1558,other,minor,female,6.234778589520875
1559,other,minor,female,4.975059976664299
1560,other,minor,female,5.984038716799262
1561,other,minor,female,7.613373373747832
1562,other,minor,female,5.169688264002646
1563,other,minor,female,6.651653924505101
1564,other,minor,female,4.3406343100948845
1565,other,minor,female,4.581457940451737
1566,other,minor,female,4.91686664847216
1567,other,minor,female,3.9956102152505393
1568,other,minor,female,5.2247775719862455
1569,other,minor,female,4.420926138308914
1570,other,minor,female,5.2458296475689705
1571,other,minor,female,3.5287222990820135
1572,other,minor,female,4.203945896863887
1573,other,minor,female,7.534275308755822
1574,other,minor,female,4.165293071432172
1575,other,minor,female,5.245393436189952
1576,other,minor,female,4.987806166884095
1577,other,minor,female,5.244656268955246
1578,other,minor,female,4.732920507809249
1579,other,minor,female,6.4789452277431065
1580,other,minor,female,5.8440195641721555
1581,other,minor,female,5.308647515037627
1582,other,minor,female,5.805433117590271
1583,other,minor,female,6.58401650607644
1584,other,minor,female,4.473577394825702
1585,other,minor,female,4.503447988632582
1586,other,minor,female,6.891141032389101
1587,other,minor,female,4.664163457767051
1588,other,minor,female,4.652680202187245
1589,other,minor,female,5.980913763040989
1590,other,minor,female,3.814564808819278
1591,other,minor,female,4.325259240341057
1592,other,minor,female,4.112512956210687
1593,other,minor,female,6.931774756014127
1594,other,minor,female,5.011038648641191
1595,other,minor,female,6.142213159713094
1596,other,minor,female,5.891243238574539
1597,other,minor,female,5.0449876108053715
1598,other,minor,female,4.136816863361905
1599,other,minor,female,7.0380664099239265
1600,other,minor,female,5.633121298987608
1601,other,minor,female,6.134739764106175
1602,other,minor,female,5.079153496183135
1603,other,minor,female,4.888760685803363
1604,other,minor,female,5.505001420981155
1605,other,minor,female,4.941984941822225
1606,other,minor,female,6.008841640488881
1607,other,minor,female,4.599509293033794
1608,other,minor,female,3.578231985672145
1609,other,minor,female,3.956890580555041
1610,other,minor,female,4.509101435743567
1611,other,minor,female,5.788018705695858
1612,other,minor,female,4.776131179651644
1613,other,minor,female,5.685943974360886
1614,other,minor,female,6.9313340264830305
1615,other,minor,female,5.565252583228926
1616,other,minor,female,4.875139739226402
1617,other,minor,female,5.093201078001933
1618,other,minor,female,7.283971863152432
1619,other,minor,female,4.877011299214736
1620,other,minor,female,6.923264351023575
1621,other,minor,female,4.396114275219017
1622,other,minor,female,3.2505474014339706
1623,other,minor,female,6.004847952713745
1624,other,minor,female,5.3289861714626
1625,other,minor,female,5.738163740255857
1626,other,minor,female,3.9563722388873486
1627,other,minor,female,7.708513107769017
1628,other,minor,female,5.014682880278519
1629,other,minor,female,5.015283533264263
1630,other,minor,female,5.402657089897
1631,other,minor,female,5.305041249281066
1632,other,minor,female,5.367600128393815
1633,other,minor,female,6.2830605164563655
1634,other,minor,female,5.979901401000524
1635,other,minor,female,3.609122429661242
1636,other,minor,female,4.46337130939619
1637,other,minor,female,6.623358211196286
1638,other,minor,female,5.541249124725206
1639,other,minor,female,5.984928402688661
1640,other,minor,female,4.541503624132906
1641,other,minor,female,5.560017468410668
1642,other,minor,female,4.838525884699391
1643,other,minor,female,4.478681304490117
1644,other,minor,female,5.609292204455539
1645,other,minor,female,3.6889154478894266
1646,other,minor,female,5.141003886429553
1647,other,minor,female,6.411235209197724
1648,other,minor,female,6.2982366148582125
1649,other,minor,female,4.409400350587299
1650,other,minor,female,4.576841446404573
1651,other,minor,female,4.346090650625979
1652,other,minor,female,5.6122833247903925
1653,other,minor,female,5.042043702119855
1654,other,minor,female,5.954470267282507
1655,other,minor,female,4.4688479505808605
1656,other,minor,female,5.541985467559181
1657,other,minor,female,5.846161143358914
1658,other,minor,female,4.014605484295098
1659,other,minor,female,5.344472916590889
1660,other,minor,female,5.72904543065493
1661,other,minor,female,5.275721742739181
1662,other,minor,female,5.140245712820854
1663,other,minor,female,5.3564554790686625
1664,other,minor,female,5.591710814505531
1665,other,minor,female,6.647522132092225
1666,other,minor,female,4.927317854288336
1667,other,minor,female,4.473974756489776
1668,other,minor,female,3.5025937289376023
1669,other,minor,female,4.926790090112074
1670,other,minor,female,5.889676344762508
1671,other,minor,female,4.047772878070548
1672,other,minor,female,3.640088936275096
1673,other,minor,female,3.9515192227603833
1674,other,minor,female,5.405302926293377
1675,other,minor,female,4.234661806124501
1676,other,minor,female,4.479346433375374
1677,other,minor,female,5.575553418148312
1678,other,minor,female,5.310524620446859
1679,other,minor,female,2.9561580352692416
1680,other,minor,female,5.744401608210888
1681,other,minor,female,5.159669589621816
1682,other,minor,female,5.361054739979304
1683,other,minor,female,6.4555851846227315
1684,other,minor,female,5.408997751705135
1685,other,minor,female,4.212570547623009
1686,other,minor,female,5.208568318618291
1687,other,minor,female,5.349795847490194
1688,other,minor,female,6.132584133430557
1689,other,minor,female,4.67709416897381
1690,other,minor,female,4.681263852013372
1691,other,minor,female,5.161569266292361
1692,other,minor,female,4.931453047638527
1693,other,minor,female,4.119044694173425
1694,other,minor,female,6.212717893527811
1695,other,minor,female,4.8801835415258585
1696,other,minor,female,6.06414725220884
1697,other,minor,female,4.3792436623960835
1698,other,minor,female,3.1313245214345677
1699,other,minor,female,3.4648754009746767
1700,other,adult,male,5.371268849125337
1701,other,adult,male,5.5067966402557715
1702,other,adult,male,6.418059299915867
1703,other,adult,male,4.579804038311613
1704,other,adult,male,5.807959206786969
1705,other,adult,male,7.200817032808359
1706,other,adult,male,4.615152950804883
1707,other,adult,male,6.780936623871178
1708,other,adult,male,4.680165222731437
1709,other,adult,male,5.69390741305241
1710,other,adult,male,6.0726199421174805
1711,other,adult,male,5.6161059100093285
1712,other,adult,male,7.171887849948947
1713,other,adult,male,7.202063497045784
1714,other,adult,male,4.8246899090923785
1715,other,adult,male,5.26108942504501
1716,other,adult,male,5.457234926460133
1717,other,adult,male,5.045754979080899
1718,other,adult,male,6.15410832786458
1719,other,adult,male,4.1771728259321765
1720,other,adult,male,5.425784829293731
1721,other,adult,male,4.435642461191165
1722,other,adult,male,7.5735197578619085
1723,other,adult,male,6.420356146226747
1724,other,adult,male,5.463090404090166
1725,other,adult,male,6.6033188046033136
1726,other,adult,male,6.701742397664919
1727,other,adult,male,5.0490906830451845
1728,other,adult,male,6.642918339234666
1729,other,adult,male,4.464409578504957
1730,other,adult,male,4.92754012116214
1731,other,adult,male,4.361653972143863
1732,other,adult,male,5.111240641824107
1733,other,adult,male,5.701138627938195
1734,other,adult,male,5.760332561784256
1735,other,adult,male,4.983002414805311
1736,other,adult,male,6.320207074442473
1737,other,adult,male,5.176046710346113
1738,other,adult,male,6.226118001674654
1739,other,adult,male,6.01798588848416
1740,other,adult,male,4.920540449187868
1741,other,adult,male,4.6227178970412055
1742,other,adult,male,5.5558943767721525
1743,other,adult,male,5.2440123399680925
1744,other,adult,male,4.531502006453728
1745,other,adult,male,5.89876895845153
1746,other,adult,male,7.463675759670698
1747,other,adult,male,6.808468922270769
1748,other,adult,male,4.863462621618016
1749,other,adult,male,4.971102066783296
1750,other,adult,male,5.33239434210748
1751,other,adult,male,4.48168819240673
1752,other,adult,male,5.48631664031705
1753,other,adult,male,7.372108864461429
1754,other,adult,male,6.129770722989941
1755,other,adult,male,5.1190930530689105
1756,other,adult,male,4.444229512323389
1757,other,adult,male,6.209716345875586
1758,other,adult,male,7.56299350719112
1759,other,adult,male,6.866544129789039
1760,other,adult,male,6.078574531139934
1761,other,adult,male,4.9340204550917575
1762,other,adult,male,6.4378883919656555
1763,other,adult,male,4.915702982809738
1764,other,adult,male,3.432592056759472
1765,other,adult,male,4.513091062764364
1766,other,adult,male,5.77697768630998
1767,other,adult,male,5.465583031348181
1768,other,adult,male,6.7558053023696205
1769,other,adult,male,5.6486712773621335
1770,other,adult,male,6.303561866435267
1771,other,adult,male,4.484491783671083
1772,other,adult,male,6.000000388697548
1773,other,adult,male,4.53609655996959
1774,other,adult,male,6.0264865669996475
1775,other,adult,male,5.924421164748432
1776,other,adult,male,4.958962942937852
1777,other,adult,male,5.0952993489005225
1778,other,adult,male,6.109273707154258
1779,other,adult,male,5.454392253461118
1780,other,adult,male,5.144242404951282
1781,other,adult,male,5.508487212980733
1782,other,adult,male,7.214539123178067
1783,other,adult,male,5.832753410546505
1784,other,adult,male,6.814566165625977
1785,other,adult,male,5.755238908433535
1786,other,adult,male,6.004547598128221
1787,other,adult,male,5.924706219921807
1788,other,adult,male,4.809944241394968
1789,other,adult,male,7.223197691571828
1790,other,adult,male,3.6757500841199247
1791,other,adult,male,5.7440552245864716
1792,other,adult,male,5.961338924108332
1793,other,adult,male,5.581705003801932
1794,other,adult,male,6.717918950339909
1795,other,adult,male,4.786817765504788
1796,other,adult,male,4.554980619555914
1797,other,adult,male,5.239287274512947
1798,other,adult,male,4.5651423688016495
1799,other,adult,male,4.581338468961454
1800,other,adult,male,4.583163764614566
1801,other,adult,male,6.90032724091454
1802,other,adult,male,5.597913985732477
1803,other,adult,male,5.2380566024239785
1804,other,adult,male,6.496608848036604
1805,other,adult,male,4.139298855268377
1806,other,adult,male,5.598343223085902
1807,other,adult,male,7.916787540113395
1808,other,adult,male,5.632285106407756
1809,other,adult,male,4.6894797735759095
1810,other,adult,male,5.756712409487954
1811,other,adult,male,6.634854181592599
1812,other,adult,male,6.452479163044745
1813,other,adult,male,5.519249105857155
1814,other,adult,male,5.988644578210063
1815,other,adult,male,5.351115525894523
1816,other,adult,male,5.965108721042285
1817,other,adult,male,6.918508876952933
1818,other,adult,male,4.689856857536576
1819,other,adult,male,6.833744919966378
1820,other,adult,male,6.510166322470837
1821,other,adult,male,5.383134586090171
1822,other,adult,male,5.927981442158719
1823,other,adult,male,6.292748885726594
1824,other,adult,male,6.800479116579178
1825,other,adult,male,5.42183159676913
1826,other,adult,male,5.490429022277537
1827,other,adult,male,5.728441730026832
1828,other,adult,male,6.229206308096049
1829,other,adult,male,5.272863645153224
1830,other,adult,male,6.508120580425061
1831,other,adult,male,6.3046036237485525
1832,other,adult,male,8.624614836444124
1833,other,adult,male,6.400747665882754
1834,other,adult,male,5.349163771557815
1835,other,adult,male,4.216579169829717
1836,other,adult,male,6.459874387356718
1837,other,adult,male,6.38968261216065
1838,other,adult,male,5.82689853679215
1839,other,adult,male,6.225078190302241
1840,other,adult,male,5.690933014656852
1841,other,adult,male,6.4230650836977485
1842,other,adult,male,6.563898330675768
1843,other,adult,male,5.212823078605206
1844,other,adult,male,5.858584820151579
1845,other,adult,male,5.2872297029264415
1846,other,adult,male,5.989565130653723
1847,other,adult,male,5.625210069001232
1848,other,adult,male,6.301327577727244
1849,other,adult,male,6.51258311714038
1850,other,adult,male,5.246138381222458
1851,other,adult,male,7.178539962287921
1852,other,adult,male,7.655712639545957
1853,other,adult,male,6.783177104911924
1854,other,adult,male,5.677041448241658
1855,other,adult,male,5.378025665907412
1856,other,adult,male,5.091350306171148
1857,other,adult,male,5.939985291687644
1858,other,adult,male,5.202878927301155
1859,other,adult,male,5.851046759379102
1860,other,adult,male,6.016893769920754
1861,other,adult,male,5.76449160479613
1862,other,adult,male,6.962281747090198
1863,other,adult,male,5.234975321309975
1864,other,adult,male,5.722850012861524
1865,other,adult,male,5.7468814522685046
1866,other,adult,male,5.563649489319495
1867,other,adult,male,5.124022016155739
1868,other,adult,male,6.530608184860596
1869,other,adult,male,5.232930738566624
1870,other,adult,male,6.762608455819569
1871,other,adult,male,5.540364757934228
1872,other,adult,male,4.3369973489843305
1873,other,adult,male,6.087659181759992
1874,other,adult,male,5.045187406178551
1875,other,adult,male,5.029479943617701
1876,other,adult,male,5.415043118998886
1877,other,adult,male,5.347713972362223
1878,other,adult,male,6.666815067507944
1879,other,adult,male,5.7432389997144275
1880,other,adult,male,6.252618880876616
1881,other,adult,male,6.310612659376974
1882,other,adult,male,6.37102563832602
1883,other,adult,male,6.037550847073097
1884,other,adult,male,5.192251726969817
1885,other,adult,male,6.063714883375474
1886,other,adult,male,7.433055489306459
1887,other,adult,male,5.060870042680243
1888,other,adult,male,6.353803370805039
1889,other,adult,male,4.799174670308088
1890,other,adult,male,6.046644529547948
1891,other,adult,male,5.03638421771466
1892,other,adult,male,3.9229089313085326
1893,other,adult,male,4.974556014620247
1894,other,adult,male,6.239262293447241
1895,other,adult,male,6.5568090727541755
1896,other,adult,male,6.842032041515109
1897,other,adult,male,6.135753138565117
1898,other,adult,male,5.35798383961106
1899,other,adult,male,5.168469534744121
1900,other,adult,male,5.319854819719122
1901,other,adult,male,6.279514507495984
1902,other,adult,male,5.364255800349376
1903,other,adult,male,6.389928573345292
1904,other,adult,male,6.113595822195328
1905,other,adult,male,5.764145116226173
1906,other,adult,male,4.08401067636518
1907,other,adult,male,6.852150076921045
1908,other,adult,male,7.367786995022492
1909,other,adult,male,7.16540614376612
1910,other,adult,male,5.344058705351765
1911,other,adult,male,5.720600812437872
1912,other,adult,male,3.8184119166314474
1913,other,adult,male,5.513212825726589
1914,other,adult,male,6.287586767004114
1915,other,adult,male,3.9014850047397265
1916,other,adult,male,5.970222456205585
1917,other,adult,male,6.724602935753515
1918,other,adult,male,5.353082427780185
1919,other,adult,male,5.403200641366723
1920,other,adult,male,6.180105248082589
1921,other,adult,male,5.632724257145365
1922,other,adult,male,6.179130751570046
1923,other,adult,male,5.650506414576604
1924,other,adult,male,7.025990822503505
1925,other,adult,male,4.539406218459287
1926,other,adult,male,5.719022844802882
1927,other,adult,male,6.866072558305218
1928,other,adult,male,7.114300082264339
1929,other,adult,male,6.332214415805234
1930,other,adult,male,4.526527141607848
1931,other,adult,male,4.017700354081843
1932,other,adult,male,5.909998710337561
1933,other,adult,male,5.377343029830618
1934,other,adult,male,5.997949659936087
1935,other,adult,male,5.633433237948407
1936,other,adult,male,6.025364882301386
1937,other,adult,male,5.700213100058625
1938,other,adult,male,7.397479185328272
1939,other,adult,male,5.908927864989004
1940,other,adult,male,5.471424297621359
1941,other,adult,male,5.619689830019852
1942,other,adult,male,5.569285113241914
1943,other,adult,male,4.8993230421019005
1944,other,adult,male,7.643000472630845
1945,other,adult,male,2.5604692959734736
1946,other,adult,male,5.164071770581757
1947,other,adult,male,5.496654067327252
1948,other,adult,male,7.044483965954668
1949,other,adult,male,4.976902083197184
1950,other,adult,male,5.487278718453411
1951,other,adult,male,7.08298070455387
1952,other,adult,male,4.013900093089754
1953,other,adult,male,5.970388849916065
1954,other,adult,male,4.9076380788188345
1955,other,adult,male,5.493801235400531
1956,other,adult,male,6.410436578034653
1957,other,adult,male,6.304741887159714
1958,other,adult,male,5.899574837509246
1959,other,adult,male,6.7083826553097365
1960,other,adult,male,5.05691310990629
1961,other,adult,male,6.494748167069289
1962,other,adult,male,6.263439212171987
1963,other,adult,male,4.580059929269921
1964,other,adult,male,5.003997595198566
1965,other,adult,male,4.253500004678887
1966,other,adult,male,4.405539529623398
1967,other,adult,male,3.2842652946591
1968,other,adult,male,6.639167653912158
1969,other,adult,male,6.4357335146348404
1970,other,adult,male,5.516155579285387
1971,other,adult,male,3.5091416699102385
1972,other,adult,male,5.136140548108503
1973,other,adult,male,5.56162180765084
1974,other,adult,male,8.087638794530944
1975,other,adult,male,4.612000619892903
1976,other,adult,male,5.866051838608619
1977,other,adult,male,8.27802878576286
1978,other,adult,male,4.385410150217898
1979,other,adult,male,5.190417525111176
1980,other,adult,male,4.9562275960873645
1981,other,adult,male,6.079391842721126
1982,other,adult,male,5.603350720435987
1983,other,adult,male,4.3442771674082366
1984,other,adult,male,5.4364892651346475
1985,other,adult,male,6.264469739484566
1986,other,adult,male,7.196934551322143
1987,other,adult,male,7.102425303706809
1988,other,adult,male,6.208459765064311
1989,other,adult,male,5.712408610128258
1990,other,adult,male,4.54872235724581
1991,other,adult,male,7.3477367740607145
1992,other,adult,male,6.062007874403003
1993,other,adult,male,4.886667912705414
1994,other,adult,male,6.466297832300422
1995,other,adult,male,5.5764776298191965
1996,other,adult,male,4.805029286702878
1997,other,adult,male,6.133034958591966
1998,other,adult,male,4.775412795537099
1999,other,adult,male,6.045330611966106
2000,other,adult,female,5.554521685898704
2001,other,adult,female,4.381048171659022
2002,other,adult,female,5.28171172610417
2003,other,adult,female,3.5523888490854194
2004,other,adult,female,6.066011132132642
2005,other,adult,female,6.437544116600578
2006,other,adult,female,2.8654156508088695
2007,other,adult,female,5.741298131236433
2008,other,adult,female,6.021332780362532
2009,other,adult,female,7.597915465724451
2010,other,adult,female,7.306351179696351
2011,other,adult,female,6.934864849330694
2012,other,adult,female,5.21612897001772
2013,other,adult,female,4.943219570600268
2014,other,adult,female,5.944171425130092
2015,other,adult,female,6.343145810865064
2016,other,adult,female,5.836629876027463
2017,other,adult,female,5.353080715850657
2018,other,adult,female,5.2233827501057934
2019,other,adult,female,5.393664974558666
2020,other,adult,female,4.8920217927812555
2021,other,adult,female,5.465241968211215
2022,other,adult,female,5.176253403586325
2023,other,adult,female,4.067760900415311
2024,other,adult,female,5.896862698917828
2025,other,adult,female,6.200851642517879
2026,other,adult,female,5.049041261876198
2027,other,adult,female,3.0957897005502075
2028,other,adult,female,7.140897108222472
2029,other,adult,female,6.022285201822354
2030,other,adult,female,5.0038073601752115
2031,other,adult,female,5.211809405367872
2032,other,adult,female,5.5695112713452755
2033,other,adult,female,5.754079618191141
2034,other,adult,female,6.243499685259151
2035,other,adult,female,5.817802088930451
2036,other,adult,female,4.492793802278404
2037,other,adult,female,7.363154524825407
2038,other,adult,female,6.593906309223213
2039,other,adult,female,5.286220668691802
2040,other,adult,female,5.167871027748239
2041,other,adult,female,5.276968524044398
2042,other,adult,female,6.204181046804826
2043,other,adult,female,4.703779974614803
2044,other,adult,female,6.547356232286553
2045,other,adult,female,6.602155305326054
2046,other,adult,female,6.71966888885305
2047,other,adult,female,5.406617009087853
2048,other,adult,female,5.1046683141026215
2049,other,adult,female,6.75514184811355
2050,other,adult,female,6.3114339704325335
2051,other,adult,female,4.236345910591476
2052,other,adult,female,4.238658343897645
2053,other,adult,female,6.848803481061284
2054,other,adult,female,6.8150144398159265
2055,other,adult,female,4.457136823539292
2056,other,adult,female,5.357023429852415
2057,other,adult,female,6.812863352346175
2058,other,adult,female,6.37803988669197
2059,other,adult,female,6.455914626423176
2060,other,adult,female,4.316378592311247
2061,other,adult,female,5.681176062804952
2062,other,adult,female,4.836184756704695
2063,other,adult,female,5.735807657344692
2064,other,adult,female,5.050926542772984
2065,other,adult,female,4.926752094404447
2066,other,adult,female,4.858953916303567
2067,other,adult,female,5.7985342336687555
2068,other,adult,female,5.093440649742896
2069,other,adult,female,5.401272944658211
2070,other,adult,female,5.673234332581219
2071,other,adult,female,6.462843105175459
2072,other,adult,female,4.841294412694965
2073,other,adult,female,5.761867874257803
2074,other,adult,female,5.3803876322331545
2075,other,adult,female,6.628938146544689
2076,other,adult,female,4.778379804419284
2077,other,adult,female,5.398301681805916
2078,other,adult,female,6.4548237996645295
2079,other,adult,female,5.859692598328121
2080,other,adult,female,4.208121104827407
2081,other,adult,female,4.3459312288938925
2082,other,adult,female,4.140505380158631
2083,other,adult,female,5.824667230961353
2084,other,adult,female,5.769805616606968
2085,other,adult,female,4.525991304330123
2086,other,adult,female,4.675201749118831
2087,other,adult,female,5.323705420754746
2088,other,adult,female,6.727895868872393
2089,other,adult,female,6.103131673249248
2090,other,adult,female,3.8684610882087043
2091,other,adult,female,5.975944976389394
2092,other,adult,female,5.119404662670656
2093,other,adult,female,7.165761919411609
2094,other,adult,female,3.138729699711946
2095,other,adult,female,6.481774682957415
2096,other,adult,female,5.436099139104182
2097,other,adult,female,5.485847941443022
2098,other,adult,female,6.3636500695625955
2099,other,adult,female,6.638814297889156
2100,other,adult,female,4.264023305257716
2101,other,adult,female,5.889324362270265
2102,other,adult,female,5.285310839152619
2103,other,adult,female,4.624914214501727
2104,other,adult,female,4.995034497251357
2105,other,adult,female,6.073171516369964
2106,other,adult,female,4.714250385703248
2107,other,adult,female,5.465530186389976
2108,other,adult,female,4.954634641078132
2109,other,adult,female,6.662555194092965
2110,other,adult,female,6.202449592037791
2111,other,adult,female,4.159787231528895
2112,other,adult,female,4.517871078211289
2113,other,adult,female,4.918145074584803
2114,other,adult,female,5.531526465672579
2115,other,adult,female,5.3971212543398215
2116,other,adult,female,5.298633436165258
2117,other,adult,female,6.214215482108082
2118,other,adult,female,5.515115358442276
2119,other,adult,female,5.570505141109625
2120,other,adult,female,4.411752890924366
2121,other,adult,female,4.231360003469936
2122,other,adult,female,4.026402936338666
2123,other,adult,female,7.179000767726358
2124,other,adult,female,5.351650277142577
2125,other,adult,female,5.828850169696294
2126,other,adult,female,8.031275941866
2127,other,adult,female,7.279690144297169
2128,other,adult,female,6.007367429151011
2129,other,adult,female,5.483758658371058
2130,other,adult,female,5.152466564988638
2131,other,adult,female,6.035672496252923
2132,other,adult,female,5.492124335652113
2133,other,adult,female,6.159204260763794
2134,other,adult,female,4.282342644987064
2135,other,adult,female,4.92754834862467
2136,other,adult,female,5.219630303733808
2137,other,adult,female,4.701293921773226
2138,other,adult,female,5.418108530076915
2139,other,adult,female,5.792299228129595
2140,other,adult,female,6.026458838333421
2141,other,adult,female,5.425394486431838
2142,other,adult,female,3.524031986393864
2143,other,adult,female,4.503608056529172
2144,other,adult,female,6.977561205714823
2145,other,adult,female,4.920334553736312
2146,other,adult,female,5.224219939620415
2147,other,adult,female,6.451544763738534
2148,other,adult,female,5.212925826730683
2149,other,adult,female,6.191835258140334
2150,other,adult,female,6.516202572706196
2151,other,adult,female,5.515744858998177
2152,other,adult,female,5.14330566767396
2153,other,adult,female,5.4605551368312595
2154,other,adult,female,5.218684445793565
2155,other,adult,female,5.864977999892149
2156,other,adult,female,6.955122157253207
2157,other,adult,female,2.0454124587496225
2158,other,adult,female,5.27348983033707
2159,other,adult,female,4.2492681434512365
2160,other,adult,female,5.366134489190531
2161,other,adult,female,4.86960428457347
2162,other,adult,female,3.4316119490080816
2163,other,adult,female,4.19436506136802
2164,other,adult,female,4.7071656544998115
2165,other,adult,female,7.102206470300397
2166,other,adult,female,3.8767862021390798
2167,other,adult,female,6.1597806622956695
2168,other,adult,female,4.497184214564591
2169,other,adult,female,3.0608753155919937
2170,other,adult,female,5.5855672221925285
2171,other,adult,female,5.855960776182587
2172,other,adult,female,5.23658454382646
2173,other,adult,female,6.3043054919684485
2174,other,adult,female,6.676314183000475
2175,other,adult,female,5.387921530727103
2176,other,adult,female,5.951234047103134
2177,other,adult,female,5.354184184640541
2178,other,adult,female,4.07376491646237
2179,other,adult,female,6.313710005778452
2180,other,adult,female,4.441768076490948
2181,other,adult,female,4.969604815971769
2182,other,adult,female,6.395436714045806
2183,other,adult,female,5.592926074706367
2184,other,adult,female,7.809166296629913
2185,other,adult,female,5.41310909288557
2186,other,adult,female,5.764405777058201
2187,other,adult,female,6.349769656432492
2188,other,adult,female,5.709050065338724
2189,other,adult,female,4.838989694232267
2190,other,adult,female,5.700856162030991
2191,other,adult,female,3.5646818158462983
2192,other,adult,female,4.88744684562927
2193,other,adult,female,5.523244152710041
2194,other,adult,female,5.374291626415406
2195,other,adult,female,5.306743440140664
2196,other,adult,female,6.329395069601847
2197,other,adult,female,6.561039370584228
2198,other,adult,female,4.365687619990456
2199,other,adult,female,5.5021778194248085
